Year,Make,Model,FCCid,Frequency,Modulation,Exploit,ExploitSource,Chipset
2008,Mitsubishi,Lancer,OUC644M-KEY-N,315,FSK,,,
2008,Mitsubishi,Outlander,OUC644M-KEY-N,315,FSK,,,
2009,Mitsubishi,Lancer,OUC644M-KEY-N,315,FSK,,,
2009,Mitsubishi,Outlander,OUC644M-KEY-N,315,FSK,,,
2010,Mitsubishi,Lancer,OUC644M-KEY-N,315,FSK,,,
2010,Mitsubishi,Outlander,OUC644M-KEY-N,315,FSK,,,
2010,Mitsubishi,Outlander Sport,OUC644M-KEY-N,315,FSK,,,
2011,Mitsubishi,Lancer,OUC644M-KEY-N,315,FSK,,,
2011,Mitsubishi,Outlander,OUC644M-KEY-N,315,FSK,,,
2011,Mitsubishi,Outlander Sport,OUC644M-KEY-N,315,FSK,,,
2012,Mitsubishi,Lancer,OUC644M-KEY-N,315,FSK,,,
2012,Mitsubishi,Outlander,OUC644M-KEY-N,315,FSK,,,
2012,Mitsubishi,Outlander Sport,OUC644M-KEY-N,315,FSK,,,
2013,Mitsubishi,Lancer,OUC644M-KEY-N,315,FSK,,,
2013,Mitsubishi,Outlander,OUC644M-KEY-N,315,FSK,,,
2013,Mitsubishi,Outlander Sport,OUC644M-KEY-N,315,FSK,,,
2014,Mitsubishi,Lancer,OUC644M-KEY-N,315,FSK,,,
2014,Mitsubishi,Mirage,OUC644M-KEY-N,315,FSK,,,
2014,Mitsubishi,Outlander,OUC644M-KEY-N,315,FSK,,,
2014,Mitsubishi,Outlander Sport,OUC644M-KEY-N,315,FSK,,,
2015,Mitsubishi,Lancer,OUC644M-KEY-N,315,FSK,,,
2015,Mitsubishi,Outlander,OUC644M-KEY-N,315,FSK,,,
2015,Mitsubishi,Outlander Sport,OUC644M-KEY-N,315,FSK,,,
2016,Mitsubishi,Lancer,OUC644M-KEY-N,315,FSK,,,
2016,Mitsubishi,Outlander,OUC644M-KEY-N,315,FSK,,,
2016,Mitsubishi,Outlander Sport,OUC644M-KEY-N,315,FSK,,,
2017,Mitsubishi,Lancer,OUC644M-KEY-N,315,FSK,,,
2017,Mitsubishi,Outlander,OUC644M-KEY-N,315,FSK,,,
2017,Mitsubishi,Outlander Sport,OUC644M-KEY-N,315,FSK,,,
2018,Mitsubishi,Eclipse Cross,OUCGHR-M013,315,FSK,,,
2018,Mitsubishi,Outlander,OUC644M-KEY-N,315,FSK,,,
2018,Mitsubishi,Outlander Sport,OUC644M-KEY-N,315,FSK,,,
2019,Mitsubishi,Eclipse Cross,OUCGHR-M013,315,FSK,,,
2019,Mitsubishi,Mirage,OUCGHR-M013,315,FSK,,,
2019,Mitsubishi,Outlander,OUC644M-KEY-N,315,FSK,,,
2019,Mitsubishi,Outlander Sport,OUC644M-KEY-N,315,FSK,,,
2020,Mitsubishi,Eclipse Cross,OUCGHR-M013,315,FSK,,,
2020,Mitsubishi,Mirage,OUCGHR-M013,315,FSK,,,
2020,Mitsubishi,Outlander,OUC644M-KEY-N,315,FSK,,,
2020,Mitsubishi,Outlander Sport,OUC644M-KEY-N,315,FSK,,,
2001,Honda,Civic,NHVWB1U521 / NHVWB1U523,433.92,FSK,,,
2001,Honda,Odyssey,OUCG8D-440H-A,307.9,FSK,,,
2002,Honda,Civic,NHVWB1U521 / NHVWB1U523,433.92,FSK,,,
2002,Honda,Civic,OUCG8D-344H-A,313,FSK,,,
2002,Honda,CR-V,OUCG8D-344H-A,313,FSK,,,
2002,Honda,Odyssey,OUCG8D-440H-A,307.9,FSK,,,
2003,Honda,Accord,OUCG8D-380H-A,313.85,FSK,,,
2003,Honda,Civic,NHVWB1U521 / NHVWB1U523,433.92,FSK,,,
2003,Honda,Civic,OUCG8D-344H-A,313,FSK,,,
2003,Honda,CR-V,OUCG8D-344H-A,313,FSK,,,
2003,Honda,Element,OUCG8D-344H-A,313,FSK,,,
2003,Honda,Odyssey,OUCG8D-440H-A,307.9,FSK,,,
2003,Honda,Pilot,NHVWB1U521 / NHVWB1U523,433.92,FSK,,,
2004,Honda,Accord,OUCG8D-380H-A,313.85,FSK,,,
2004,Honda,Civic,NHVWB1U521 / NHVWB1U523,433.92,FSK,,,
2004,Honda,Civic,OUCG8D-344H-A,313,FSK,,,
2004,Honda,CR-V,OUCG8D-344H-A,313,FSK,,,
2004,Honda,Element,OUCG8D-344H-A,313,FSK,,,
2004,Honda,Odyssey,OUCG8D-440H-A,307.9,FSK,,,
2004,Honda,Pilot,NHVWB1U521 / NHVWB1U523,433.92,FSK,,,
2005,Honda,Accord,OUCG8D-380H-A,313.85,FSK,,,
2005,Honda,Civic,NHVWB1U521 / NHVWB1U523,433.92,FSK,,,
2005,Honda,Civic,OUCG8D-344H-A,313,FSK,,,
2005,Honda,Element,OUCG8D-344H-A,313,FSK,,,
2005,Honda,Odyssey,OUCG8D-380H-A,313.85,FSK,,,
2005,Honda,Odyssey,OUCG8D-399H-A,313.85,FSK,,,
2005,Honda,Pilot,CWTWB1U545,433.92,FSK,,,
2005,Honda,Pilot,NHVWB1U521 / NHVWB1U523,433.92,FSK,,,
2006,Honda,Accord,OUCG8D-380H-A,313.85,FSK,,,
2006,Honda,Civic,N5F-S0084A,313.85,FSK,,,
2006,Honda,Element,OUCG8D-344H-A,313,FSK,,,
2006,Honda,Odyssey,OUCG8D-380H-A,313.85,FSK,,,
2006,Honda,Odyssey,OUCG8D-399H-A,313.85,FSK,,,
2006,Honda,Pilot,CWTWB1U545,433.92,FSK,,,
2006,Honda,Pilot,NHVWB1U521 / NHVWB1U523,433.92,FSK,,,
2006,Honda,Ridgeline,OUCG8D-380H-A,313.85,FSK,,,
2007,Honda,Accord,OUCG8D-380H-A,313.85,FSK,,,
2007,Honda,Civic,N5F-S0084A,313.85,FSK,,,
2007,Honda,CR-V,MLBHLIK-1T,313.85,FSK,,,
2007,Honda,Element,OUCG8D-344H-A,313,FSK,,,
2007,Honda,Fit,OUCG8D-380H-A,313.85,FSK,,,
2007,Honda,Odyssey,OUCG8D-380H-A,313.85,FSK,,,
2007,Honda,Odyssey,OUCG8D-399H-A,313.85,FSK,,,
2007,Honda,Pilot,CWTWB1U545,433.92,FSK,,,
2007,Honda,Pilot,NHVWB1U521 / NHVWB1U523,433.92,FSK,,,
2007,Honda,Ridgeline,OUCG8D-380H-A,313.85,FSK,,,
2008,Honda,Accord Sedan,KR55WK49308,313.85,FSK,,,
2008,Honda,Civic,N5F-S0084A,313.85,FSK,,,
2008,Honda,CR-V,MLBHLIK-1T,313.85,FSK,,,
2008,Honda,Element,OUCG8D-344H-A,313,FSK,,,
2008,Honda,Fit,OUCG8D-380H-A,313.85,FSK,,,
2008,Honda,Odyssey,OUCG8D-380H-A,313.85,FSK,,,
2008,Honda,Odyssey,OUCG8D-399H-A,313.85,FSK,,,
2008,Honda,Pilot,CWTWB1U545,433.92,FSK,,,
2008,Honda,Ridgeline,OUCG8D-380H-A,313.85,FSK,,,
2009,Honda,Accord Sedan,KR55WK49308,313.85,FSK,,,
2009,Honda,Civic,N5F-S0084A,313.85,FSK,,,
2009,Honda,CR-V,MLBHLIK-1T,313.85,FSK,,,
2009,Honda,Element,OUCG8D-344H-A,313,FSK,,,
2009,Honda,FIT,MLBHLIK-1T,313.85,FSK,,,
2009,Honda,Odyssey,OUCG8D-380H-A,313.85,FSK,,,
2009,Honda,Odyssey,OUCG8D-399H-A,313.85,FSK,,,
2009,Honda,Pilot,KR55WK49308,313.85,FSK,,,
2009,Honda,Ridgeline,OUCG8D-380H-A,313.85,FSK,,,
2010,Honda,Accord Crosstour,MLBHLIK-1T,313.85,FSK,,,
2010,Honda,Accord Sedan,KR55WK49308,313.85,FSK,,,
2010,Honda,Civic,N5F-S0084A,313.85,FSK,,,
2010,Honda,CR-V,MLBHLIK-1T,313.85,FSK,,,
2010,Honda,Element,OUCG8D-344H-A,313,FSK,,,
2010,Honda,FIT,MLBHLIK-1T,313.85,FSK,,,
2010,Honda,Insight,MLBHLIK-1T,313.85,FSK,,,
2010,Honda,Odyssey,OUCG8D-380H-A,313.85,FSK,,,
2010,Honda,Odyssey,OUCG8D-399H-A,313.85,FSK,,,
2010,Honda,Pilot,KR55WK49308,313.85,FSK,,,
2010,Honda,Ridgeline,OUCG8D-380H-A,313.85,FSK,,,
2011,Honda,Accord Crosstour,MLBHLIK-1T,313.85,FSK,,,
2011,Honda,Accord Sedan,KR55WK49308,313.85,FSK,,,
2011,Honda,Civic,N5F-S0084A,313.85,FSK,,,
2011,Honda,CR-V,MLBHLIK-1T,313.85,FSK,,,
2011,Honda,CR-Z,MLBHLIK-1T,313.85,FSK,,,
2011,Honda,Element,OUCG8D-344H-A,313,FSK,,,
2011,Honda,FIT,MLBHLIK-1T,313.85,FSK,,,
2011,Honda,Insight,MLBHLIK-1T,313.85,FSK,,,
2011,Honda,Odyssey,N5F-A04TAA,313.85,FSK,,,
2011,Honda,Odyssey,N5F-S0084A,313.85,FSK,,,
2011,Honda,Pilot,KR55WK49308,313.85,FSK,,,
2011,Honda,Ridgeline,OUCG8D-380H-A,313.85,FSK,,,
2012,Honda,Accord Crosstour,MLBHLIK-1T,313.85,FSK,,,
2012,Honda,Accord Sedan,KR55WK49308,313.85,FSK,,,
2012,Honda,Civic,N5F-A05TAA,313.85,FSK,,,
2012,Honda,CR-V,MLBHLIK-1T,313.85,FSK,,,
2012,Honda,CR-V,MLBHLIK-1TA,313.85,FSK,,,
2012,Honda,CR-Z,MLBHLIK-1T,313.85,FSK,,,
2012,Honda,FIT,MLBHLIK-1T,313.85,FSK,,,
2012,Honda,Insight,MLBHLIK-1T,313.85,FSK,,,
2012,Honda,Odyssey,N5F-A04TAA,313.85,FSK,,,
2012,Honda,Odyssey,N5F-S0084A,313.85,FSK,,,
2012,Honda,Pilot,KR55WK49308,313.85,FSK,,,
2012,Honda,Ridgeline,OUCG8D-380H-A,313.85,FSK,,,
2013,Honda,Accord,ACJ932HK1210A,313.85,FSK,,,
2013,Honda,Accord,MLBHLIK6-1T,313.85,FSK,Rollback 5 Strict,https://medium.com/codex/rollback-important-details-about-the-new-keyfob-vulnerability-86ea5727f3d3,
2013,Honda,Civic,N5F-A05TAA,313.85,FSK,,,
2013,Honda,Crosstour,MLBHLIK6-1T,313.85,FSK,Rollback 5 Strict,https://medium.com/codex/rollback-important-details-about-the-new-keyfob-vulnerability-86ea5727f3d3,
2013,Honda,CR-V,MLBHLIK-1T,313.85,FSK,,,
2013,Honda,CR-V,MLBHLIK-1TA,313.85,FSK,,,
2013,Honda,CR-Z,MLBHLIK-1T,313.85,FSK,,,
2013,Honda,FIT,MLBHLIK-1T,313.85,FSK,,,
2013,Honda,Insight,MLBHLIK-1T,313.85,FSK,,,
2013,Honda,Odyssey,N5F-A04TAA,313.85,FSK,,,
2013,Honda,Odyssey,N5F-S0084A,313.85,FSK,,,
2013,Honda,Pilot,KR55WK49308,313.85,FSK,,,
2013,Honda,Ridgeline,OUCG8D-380H-A,313.85,FSK,,,
2014,Honda,Accord,ACJ932HK1210A,313.85,FSK,,,
2014,Honda,Accord,MLBHLIK6-1T,313.85,FSK,Rollback 5 Strict,https://medium.com/codex/rollback-important-details-about-the-new-keyfob-vulnerability-86ea5727f3d3,
2014,Honda,Civic,ACJ932HK1210A,313.85,FSK,,,
2014,Honda,Civic,MLBHLIK6-1T,313.85,FSK,Rollback 5 Strict,https://medium.com/codex/rollback-important-details-about-the-new-keyfob-vulnerability-86ea5727f3d3,
2014,Honda,Crosstour,MLBHLIK6-1T,313.85,FSK,Rollback 5 Strict,https://medium.com/codex/rollback-important-details-about-the-new-keyfob-vulnerability-86ea5727f3d3,
2014,Honda,CR-V,MLBHLIK6-1T,313.85,FSK,Rollback 5 Strict,https://medium.com/codex/rollback-important-details-about-the-new-keyfob-vulnerability-86ea5727f3d3,
2014,Honda,CR-Z,MLBHLIK-1T,313.85,FSK,,,
2014,Honda,Insight,MLBHLIK-1T,313.85,FSK,,,
2014,Honda,Odyssey,KR5V1X,313.55/314.15,FSK,Rollback 5 Strict,https://medium.com/codex/rollback-important-details-about-the-new-keyfob-vulnerability-86ea5727f3d3,NXP F2951X
2014,Honda,Odyssey,N5F-S0084A,313.85,FSK,,,
2014,Honda,Pilot,KR55WK49308,313.85,FSK,,,
2014,Honda,Ridgeline,OUCG8D-380H-A,313.85,FSK,,,
2015,Honda,Accord,ACJ932HK1210A,313.85,FSK,,,
2015,Honda,Accord,MLBHLIK6-1T,313.85,FSK,Rollback 5 Strict,https://medium.com/codex/rollback-important-details-about-the-new-keyfob-vulnerability-86ea5727f3d3,
2015,Honda,Civic,ACJ932HK1210A,313.85,FSK,,,
2015,Honda,Civic,MLBHLIK6-1T,313.85,FSK,Rollback 5 Strict,https://medium.com/codex/rollback-important-details-about-the-new-keyfob-vulnerability-86ea5727f3d3,
2015,Honda,Crosstour,MLBHLIK6-1T,313.85,FSK,Rollback 5 Strict,https://medium.com/codex/rollback-important-details-about-the-new-keyfob-vulnerability-86ea5727f3d3,
2015,Honda,CR-V,ACJ932HK1210A,313.85,FSK,,,
2015,Honda,CR-V,MLBHLIK6-1T,313.85,FSK,Rollback 5 Strict,https://medium.com/codex/rollback-important-details-about-the-new-keyfob-vulnerability-86ea5727f3d3,
2015,Honda,CR-Z,MLBHLIK-1T,313.85,FSK,,,
2015,Honda,Fit,KR5V1X,313.55/314.15,FSK,Rollback 5 Strict,https://medium.com/codex/rollback-important-details-about-the-new-keyfob-vulnerability-86ea5727f3d3,NXP F2951X
2015,Honda,Odyssey,KR5V1X,313.55/314.15,FSK,Rollback 5 Strict,https://medium.com/codex/rollback-important-details-about-the-new-keyfob-vulnerability-86ea5727f3d3,NXP F2951X
2015,Honda,Odyssey,N5F-S0084A,313.85,FSK,,,
2015,Honda,Pilot,KR55WK49308,313.85,FSK,,,
2016,Honda,Accord,ACJ932HK1310A,433.92,FSK,,,
2016,Honda,Accord,MLBHLIK6-1TA,433.92,FSK,Rollback 5 Strict,https://medium.com/codex/rollback-important-details-about-the-new-keyfob-vulnerability-86ea5727f3d3,
2016,Honda,Civic,KR5V2X,433.66/434.18,FSK,Replay attack (Might be Rollback 5 Strict),https://www.rtl-sdr.com/opening-and-starting-honda-civic-vehicles-with-a-hackrf-replay-attack/,
2016,Honda,Civic,MLBHLIK6-1TA,433.92,FSK,Rollback 5 Strict,https://medium.com/codex/rollback-important-details-about-the-new-keyfob-vulnerability-86ea5727f3d3,
2016,Honda,CR-V,ACJ932HK1210A,313.85,FSK,,,
2016,Honda,CR-V,MLBHLIK6-1T,313.85,FSK,Rollback 5 Strict,https://medium.com/codex/rollback-important-details-about-the-new-keyfob-vulnerability-86ea5727f3d3,
2016,Honda,Fit,KR5V1X,313.55/314.15,FSK,Rollback 5 Strict,https://medium.com/codex/rollback-important-details-about-the-new-keyfob-vulnerability-86ea5727f3d3,NXP F2951X
2016,Honda,HR-V,KR5V1X,313.55/314.15,FSK,Rollback 5 Strict,https://medium.com/codex/rollback-important-details-about-the-new-keyfob-vulnerability-86ea5727f3d3,NXP F2951X
2016,Honda,HR-V,MLBHLIK6-1T,313.85,FSK,Rollback 5 Strict,https://medium.com/codex/rollback-important-details-about-the-new-keyfob-vulnerability-86ea5727f3d3,
2016,Honda,Odyssey,KR5V1X,313.55/314.15,FSK,Rollback 5 Strict,https://medium.com/codex/rollback-important-details-about-the-new-keyfob-vulnerability-86ea5727f3d3,NXP F2951X
2016,Honda,Odyssey,N5F-S0084A,313.85,FSK,,,
2016,Honda,Pilot,KR5V2X V41,433.66/434.18,FSK,Replay attack (Might be Rollback 5 Strict),https://www.rtl-sdr.com/opening-and-starting-honda-civic-vehicles-with-a-hackrf-replay-attack/,
2016,Honda,Pilot,KR5V2X V44,433.66/434.18,FSK,Replay attack (Might be Rollback 5 Strict),https://www.rtl-sdr.com/opening-and-starting-honda-civic-vehicles-with-a-hackrf-replay-attack/,
2017,Honda,Accord,ACJ932HK1310A,433.92,FSK,,,
2017,Honda,Accord,MLBHLIK6-1TA,433.92,FSK,Rollback 5 Strict,https://medium.com/codex/rollback-important-details-about-the-new-keyfob-vulnerability-86ea5727f3d3,
2017,Honda,Civic,KR5V2X,433.66/434.18,FSK,Replay attack (Might be Rollback 5 Strict),https://www.rtl-sdr.com/opening-and-starting-honda-civic-vehicles-with-a-hackrf-replay-attack/,
2017,Honda,Civic,KR5V2X V44,433.66/434.18,FSK,Replay attack (Might be Rollback 5 Strict),https://www.rtl-sdr.com/opening-and-starting-honda-civic-vehicles-with-a-hackrf-replay-attack/,
2017,Honda,Civic,MLBHLIK6-1TA,433.92,FSK,Rollback 5 Strict,https://medium.com/codex/rollback-important-details-about-the-new-keyfob-vulnerability-86ea5727f3d3,
2017,Honda,Clarity,KR5V2X,433.66/434.18,FSK,Replay attack (Might be Rollback 5 Strict),https://www.rtl-sdr.com/opening-and-starting-honda-civic-vehicles-with-a-hackrf-replay-attack/,
2017,Honda,CR-V,KR5V2X V44,433.66/434.18,FSK,Replay attack (Might be Rollback 5 Strict),https://www.rtl-sdr.com/opening-and-starting-honda-civic-vehicles-with-a-hackrf-replay-attack/,
2017,Honda,CR-V,MLBHLIK6-1TA,433.92,FSK,Rollback 5 Strict,https://medium.com/codex/rollback-important-details-about-the-new-keyfob-vulnerability-86ea5727f3d3,
2017,Honda,Fit,KR5V1X,313.55/314.15,FSK,Rollback 5 Strict,https://medium.com/codex/rollback-important-details-about-the-new-keyfob-vulnerability-86ea5727f3d3,NXP F2951X
2017,Honda,HR-V,KR5V1X,313.55/314.15,FSK,Rollback 5 Strict,https://medium.com/codex/rollback-important-details-about-the-new-keyfob-vulnerability-86ea5727f3d3,NXP F2951X
2017,Honda,HR-V,MLBHLIK6-1T,313.85,FSK,Rollback 5 Strict,https://medium.com/codex/rollback-important-details-about-the-new-keyfob-vulnerability-86ea5727f3d3,
2017,Honda,Odyssey,KR5V1X,313.55/314.15,FSK,Rollback 5 Strict,https://medium.com/codex/rollback-important-details-about-the-new-keyfob-vulnerability-86ea5727f3d3,NXP F2951X
2017,Honda,Odyssey,N5F-S0084A,313.85,FSK,,,
2017,Honda,Pilot,KR5V2X V41,433.66/434.18,FSK,Replay attack (Might be Rollback 5 Strict),https://www.rtl-sdr.com/opening-and-starting-honda-civic-vehicles-with-a-hackrf-replay-attack/,
2017,Honda,Pilot,KR5V2X V44,433.66/434.18,FSK,Replay attack (Might be Rollback 5 Strict),https://www.rtl-sdr.com/opening-and-starting-honda-civic-vehicles-with-a-hackrf-replay-attack/,
2017,Honda,Ridgeline,A2C97488400,noRecord,XXX,,,
2018,Acura,TLX,KR5V2X / KR5V21,433.66/434.18,FSK,Replay attack (Might be Rollback 5 Strict),https://www.rtl-sdr.com/opening-and-starting-honda-civic-vehicles-with-a-hackrf-replay-attack/,
2018,Honda,Accord,CWTWB1G0090,433.92,FSK,,,
2018,Honda,Civic,KR5V2X,433.66/434.18,FSK,Replay attack (Might be Rollback 5 Strict),https://www.rtl-sdr.com/opening-and-starting-honda-civic-vehicles-with-a-hackrf-replay-attack/,
2018,Honda,Civic,KR5V2X V41,433.66/434.18,FSK,Replay attack (Might be Rollback 5 Strict),https://www.rtl-sdr.com/opening-and-starting-honda-civic-vehicles-with-a-hackrf-replay-attack/,
2018,Honda,Civic,KR5V2X V44,433.66/434.18,FSK,Replay attack (Might be Rollback 5 Strict),https://www.rtl-sdr.com/opening-and-starting-honda-civic-vehicles-with-a-hackrf-replay-attack/,
2018,Honda,Civic,MLBHLIK6-1TA,433.92,FSK,Rollback 5 Strict,https://medium.com/codex/rollback-important-details-about-the-new-keyfob-vulnerability-86ea5727f3d3,
2018,Honda,Clarity,KR5V2X,433.66/434.18,FSK,Replay attack (Might be Rollback 5 Strict),https://www.rtl-sdr.com/opening-and-starting-honda-civic-vehicles-with-a-hackrf-replay-attack/,
2018,Honda,CR-V,KR5V2X V44,433.66/434.18,FSK,Replay attack (Might be Rollback 5 Strict),https://www.rtl-sdr.com/opening-and-starting-honda-civic-vehicles-with-a-hackrf-replay-attack/,
2018,Honda,CR-V,MLBHLIK6-1TA,433.92,FSK,Rollback 5 Strict,https://medium.com/codex/rollback-important-details-about-the-new-keyfob-vulnerability-86ea5727f3d3,
2018,Honda,Fit,KR5V1X,313.55/314.15,FSK,Rollback 5 Strict,https://medium.com/codex/rollback-important-details-about-the-new-keyfob-vulnerability-86ea5727f3d3,NXP F2951X
2018,Honda,HR-V,KR5V1X,313.55/314.15,FSK,Rollback 5 Strict,https://medium.com/codex/rollback-important-details-about-the-new-keyfob-vulnerability-86ea5727f3d3,NXP F2951X
2018,Honda,HR-V,MLBHLIK6-1T,313.85,FSK,Rollback 5 Strict,https://medium.com/codex/rollback-important-details-about-the-new-keyfob-vulnerability-86ea5727f3d3,
2018,Honda,Odyssey,KR5V2X,433.66/434.18,FSK,Replay attack (Might be Rollback 5 Strict),https://www.rtl-sdr.com/opening-and-starting-honda-civic-vehicles-with-a-hackrf-replay-attack/,
2018,Honda,Odyssey,KR5V2X V41,433.66/434.18,FSK,Replay attack (Might be Rollback 5 Strict),https://www.rtl-sdr.com/opening-and-starting-honda-civic-vehicles-with-a-hackrf-replay-attack/,
2018,Honda,Pilot,KR5V2X V41,433.66/434.18,FSK,Replay attack (Might be Rollback 5 Strict),https://www.rtl-sdr.com/opening-and-starting-honda-civic-vehicles-with-a-hackrf-replay-attack/,
2018,Honda,Pilot,KR5V2X V44,433.66/434.18,FSK,Replay attack (Might be Rollback 5 Strict),https://www.rtl-sdr.com/opening-and-starting-honda-civic-vehicles-with-a-hackrf-replay-attack/,
2018,Honda,Ridgeline,A2C97488400,noRecord,XXX,,,
2019,Acura,ILX,KR5V2X / KR5V21,433.66/434.18,FSK,Replay attack (Might be Rollback 5 Strict),https://www.rtl-sdr.com/opening-and-starting-honda-civic-vehicles-with-a-hackrf-replay-attack/,
2019,Acura,TLX,KR5V2X / KR5V21,433.66/434.18,FSK,Replay attack (Might be Rollback 5 Strict),https://www.rtl-sdr.com/opening-and-starting-honda-civic-vehicles-with-a-hackrf-replay-attack/,
2019,Honda,Accord,CWTWB1G0090,433.92,FSK,,,
2019,Honda,Civic,KR5V2X,433.66/434.18,FSK,Replay attack (Might be Rollback 5 Strict),https://www.rtl-sdr.com/opening-and-starting-honda-civic-vehicles-with-a-hackrf-replay-attack/,
2019,Honda,Civic,KR5V2X V41,433.66/434.18,FSK,Replay attack (Might be Rollback 5 Strict),https://www.rtl-sdr.com/opening-and-starting-honda-civic-vehicles-with-a-hackrf-replay-attack/,
2019,Honda,Civic,KR5V2X V44,433.66/434.18,FSK,Replay attack (Might be Rollback 5 Strict),https://www.rtl-sdr.com/opening-and-starting-honda-civic-vehicles-with-a-hackrf-replay-attack/,
2019,Honda,Civic,MLBHLIK6-1TA,433.92,FSK,Rollback 5 Strict,https://medium.com/codex/rollback-important-details-about-the-new-keyfob-vulnerability-86ea5727f3d3,
2019,Honda,Clarity,KR5V2X,433.66/434.18,FSK,Replay attack (Might be Rollback 5 Strict),https://www.rtl-sdr.com/opening-and-starting-honda-civic-vehicles-with-a-hackrf-replay-attack/,
2019,Honda,CR-V,KR5V2X V44,433.66/434.18,FSK,Replay attack (Might be Rollback 5 Strict),https://www.rtl-sdr.com/opening-and-starting-honda-civic-vehicles-with-a-hackrf-replay-attack/,
2019,Honda,CR-V,MLBHLIK6-1TA,433.92,FSK,Rollback 5 Strict,https://medium.com/codex/rollback-important-details-about-the-new-keyfob-vulnerability-86ea5727f3d3,
2019,Honda,Fit,KR5V1X,313.55/314.15,FSK,Rollback 5 Strict,https://medium.com/codex/rollback-important-details-about-the-new-keyfob-vulnerability-86ea5727f3d3,NXP F2951X
2019,Honda,HR-V,KR5V1X,313.55/314.15,FSK,Rollback 5 Strict,https://medium.com/codex/rollback-important-details-about-the-new-keyfob-vulnerability-86ea5727f3d3,NXP F2951X
2019,Honda,HR-V,MLBHLIK6-1T,313.85,FSK,Rollback 5 Strict,https://medium.com/codex/rollback-important-details-about-the-new-keyfob-vulnerability-86ea5727f3d3,
2019,Honda,Insight,CWTWB1G0090,433.92,FSK,,,
2019,Honda,Odyssey,KR5V2X,433.66/434.18,FSK,Replay attack (Might be Rollback 5 Strict),https://www.rtl-sdr.com/opening-and-starting-honda-civic-vehicles-with-a-hackrf-replay-attack/,
2019,Honda,Odyssey,KR5V2X V41,433.66/434.18,FSK,Replay attack (Might be Rollback 5 Strict),https://www.rtl-sdr.com/opening-and-starting-honda-civic-vehicles-with-a-hackrf-replay-attack/,
2019,Honda,Passport,KR5T44,noRecord,XXX,,,
2019,Honda,Pilot,KR5T44,noRecord,XXX,,,
2019,Honda,Pilot,KR5V2X V44,433.66/434.18,FSK,Replay attack (Might be Rollback 5 Strict),https://www.rtl-sdr.com/opening-and-starting-honda-civic-vehicles-with-a-hackrf-replay-attack/,
2019,Honda,Ridgeline,A2C97488400,noRecord,XXX,,,
2020,Acura,ILX,KR5V2X / KR5V21,433.66/434.18,FSK,Replay attack (Might be Rollback 5 Strict),https://www.rtl-sdr.com/opening-and-starting-honda-civic-vehicles-with-a-hackrf-replay-attack/,
2020,Acura,TLX,KR5V2X / KR5V21,433.66/434.18,FSK,Replay attack (Might be Rollback 5 Strict),https://www.rtl-sdr.com/opening-and-starting-honda-civic-vehicles-with-a-hackrf-replay-attack/,
2020,Honda,Accord,CWTWB1G0090,433.92,FSK,,,
2020,Honda,Civic,KR5V2X,433.66/434.18,FSK,Replay attack (Might be Rollback 5 Strict),https://www.rtl-sdr.com/opening-and-starting-honda-civic-vehicles-with-a-hackrf-replay-attack/,
2020,Honda,Civic,KR5V2X V41,433.66/434.18,FSK,Replay attack (Might be Rollback 5 Strict),https://www.rtl-sdr.com/opening-and-starting-honda-civic-vehicles-with-a-hackrf-replay-attack/,
2020,Honda,Civic,KR5V2X V44,433.66/434.18,FSK,Replay attack (Might be Rollback 5 Strict),https://www.rtl-sdr.com/opening-and-starting-honda-civic-vehicles-with-a-hackrf-replay-attack/,
2020,Honda,Civic,MLBHLIK6-1TA,433.92,FSK,Rollback 5 Strict,https://medium.com/codex/rollback-important-details-about-the-new-keyfob-vulnerability-86ea5727f3d3,
2020,Honda,Clarity,KR5V2X,433.66/434.18,FSK,Replay attack (Might be Rollback 5 Strict),https://www.rtl-sdr.com/opening-and-starting-honda-civic-vehicles-with-a-hackrf-replay-attack/,
2020,Honda,CR-V,KR5V2X V44,433.66/434.18,FSK,Replay attack (Might be Rollback 5 Strict),https://www.rtl-sdr.com/opening-and-starting-honda-civic-vehicles-with-a-hackrf-replay-attack/,
2020,Honda,CR-V,MLBHLIK6-1TA,433.92,FSK,Rollback 5 Strict,https://medium.com/codex/rollback-important-details-about-the-new-keyfob-vulnerability-86ea5727f3d3,
2020,Honda,Fit,KR5V1X,313.55/314.15,FSK,Rollback 5 Strict,https://medium.com/codex/rollback-important-details-about-the-new-keyfob-vulnerability-86ea5727f3d3,NXP F2951X
2020,Honda,HR-V,KR5V1X,313.55/314.15,FSK,Rollback 5 Strict,https://medium.com/codex/rollback-important-details-about-the-new-keyfob-vulnerability-86ea5727f3d3,NXP F2951X
2020,Honda,HR-V,MLBHLIK6-1T,313.85,FSK,Rollback 5 Strict,https://medium.com/codex/rollback-important-details-about-the-new-keyfob-vulnerability-86ea5727f3d3,
2020,Honda,Insight,CWTWB1G0090,433.92,FSK,,,
2020,Honda,Odyssey,KR5V2X,433.66/434.18,FSK,Replay attack (Might be Rollback 5 Strict),https://www.rtl-sdr.com/opening-and-starting-honda-civic-vehicles-with-a-hackrf-replay-attack/,
2020,Honda,Odyssey,KR5V2X V41,433.66/434.18,FSK,Replay attack (Might be Rollback 5 Strict),https://www.rtl-sdr.com/opening-and-starting-honda-civic-vehicles-with-a-hackrf-replay-attack/,
2020,Honda,Passport,KR5T44,noRecord,XXX,,,
2020,Honda,Pilot,KR5T44,noRecord,XXX,,,
2020,Honda,Pilot,KR5V2X V44,433.66/434.18,FSK,Replay attack (Might be Rollback 5 Strict),https://www.rtl-sdr.com/opening-and-starting-honda-civic-vehicles-with-a-hackrf-replay-attack/,
2021,Acura,ILX,KR5V2X / KR5V21,433.66/434.18,FSK,Replay attack (Might be Rollback 5 Strict),https://www.rtl-sdr.com/opening-and-starting-honda-civic-vehicles-with-a-hackrf-replay-attack/,
2021,Acura,TLX,KR5V2X / KR5V21,433.66/434.18,FSK,Replay attack (Might be Rollback 5 Strict),https://www.rtl-sdr.com/opening-and-starting-honda-civic-vehicles-with-a-hackrf-replay-attack/,
2021,Honda,Accord,CWTWB1G0090,433.92,FSK,,,
2021,Honda,Civic,KR5V2X,433.66/434.18,FSK,Replay attack (Might be Rollback 5 Strict),https://www.rtl-sdr.com/opening-and-starting-honda-civic-vehicles-with-a-hackrf-replay-attack/,
2021,Honda,Civic,KR5V2X V44,433.66/434.18,FSK,Replay attack (Might be Rollback 5 Strict),https://www.rtl-sdr.com/opening-and-starting-honda-civic-vehicles-with-a-hackrf-replay-attack/,
2021,Honda,Civic,MLBHLIK6-1TA,433.92,FSK,Rollback 5 Strict,https://medium.com/codex/rollback-important-details-about-the-new-keyfob-vulnerability-86ea5727f3d3,
2021,Honda,Clarity,KR5V2X,433.66/434.18,FSK,Replay attack (Might be Rollback 5 Strict),https://www.rtl-sdr.com/opening-and-starting-honda-civic-vehicles-with-a-hackrf-replay-attack/,
2021,Honda,CR-V,KR5V2X V44,433.66/434.18,FSK,Replay attack (Might be Rollback 5 Strict),https://www.rtl-sdr.com/opening-and-starting-honda-civic-vehicles-with-a-hackrf-replay-attack/,
2021,Honda,HR-V,KR5V1X,313.55/314.15,FSK,Rollback 5 Strict,https://medium.com/codex/rollback-important-details-about-the-new-keyfob-vulnerability-86ea5727f3d3,NXP F2951X
2021,Honda,HR-V,MLBHLIK6-1T,313.85,FSK,Rollback 5 Strict,https://medium.com/codex/rollback-important-details-about-the-new-keyfob-vulnerability-86ea5727f3d3,
2021,Honda,Odyssey,KR5T4X,433.66/434.18,FSK,,,
2021,Honda,Passport,KR5T44,noRecord,XXX,,,
2021,Honda,Pilot,KR5T44,noRecord,XXX,,,
2021,Honda,Pilot,KR5V2X V44,433.66/434.18,FSK,Replay attack (Might be Rollback 5 Strict),https://www.rtl-sdr.com/opening-and-starting-honda-civic-vehicles-with-a-hackrf-replay-attack/,
2022,Acura,ILX,KR5V2X / KR5V21,433.66/434.18,FSK,Replay attack (Might be Rollback 5 Strict),https://www.rtl-sdr.com/opening-and-starting-honda-civic-vehicles-with-a-hackrf-replay-attack/,
2022,Acura,TLX,KR5V2X / KR5V21,433.66/434.18,FSK,Replay attack (Might be Rollback 5 Strict),https://www.rtl-sdr.com/opening-and-starting-honda-civic-vehicles-with-a-hackrf-replay-attack/,
2022,Honda,Accord,CWTWB1G0090,433.92,FSK,,,
2022,Honda,HR-V,KR5V1X,313.55/314.15,FSK,Rollback 5 Strict,https://medium.com/codex/rollback-important-details-about-the-new-keyfob-vulnerability-86ea5727f3d3,NXP F2951X
2022,Honda,HR-V,MLBHLIK6-1T,313.85,FSK,Rollback 5 Strict,https://medium.com/codex/rollback-important-details-about-the-new-keyfob-vulnerability-86ea5727f3d3,
1998,Ford,Escort,CWTWB1U331,314.5/315.5,ASK,,,
1998,Ford,Expedition,CWTWB1U331,314.5/315.5,ASK,,,
1998,Ford,Explorer,CWTWB1U331,314.5/315.5,ASK,,,
1998,Ford,F150,CWTWB1U331,314.5/315.5,ASK,,,
1998,Ford,Ranger,CWTWB1U331,314.5/315.5,ASK,,,
1998,Ford,Taurus,CWTWB1U331,314.5/315.5,ASK,,,
1999,Ford,Econoline,CWTWB1U331,314.5/315.5,ASK,,,
1999,Ford,Escort,CWTWB1U331,314.5/315.5,ASK,,,
1999,Ford,Expedition,CWTWB1U331,314.5/315.5,ASK,,,
1999,Ford,Explorer,CWTWB1U331,314.5/315.5,ASK,,,
1999,Ford,F150,CWTWB1U331,314.5/315.5,ASK,,,
1999,Ford,Mustang,CWTWB1U331,314.5/315.5,ASK,,,
1999,Ford,Ranger,CWTWB1U331,314.5/315.5,ASK,,,
1999,Ford,Taurus,CWTWB1U331,314.5/315.5,ASK,,,
1999,Ford,Windstar,CWTWB1U331,314.5/315.5,ASK,,,
2000,Ford,Crown Victoria,CWTWB1U331,314.5/315.5,ASK,,,
2000,Ford,Econoline,CWTWB1U331,314.5/315.5,ASK,,,
2000,Ford,Escape,CWTWB1U331,314.5/315.5,ASK,,,
2000,Ford,Escort,CWTWB1U331,314.5/315.5,ASK,,,
2000,Ford,Excursion,CWTWB1U331,314.5/315.5,ASK,,,
2000,Ford,Expedition,CWTWB1U331,314.5/315.5,ASK,,,
2000,Ford,Explorer,CWTWB1U331,314.5/315.5,ASK,,,
2000,Ford,F150,CWTWB1U331,314.5/315.5,ASK,,,
2000,Ford,Focus,CWTWB1U331,314.5/315.5,ASK,,,
2000,Ford,Mustang,CWTWB1U331,314.5/315.5,ASK,,,
2000,Ford,Ranger,CWTWB1U331,314.5/315.5,ASK,,,
2000,Ford,Taurus,CWTWB1U331,314.5/315.5,ASK,,,
2000,Ford,Windstar,CWTWB1U331,314.5/315.5,ASK,,,
2001,Ford,Crown Victoria,CWTWB1U331,314.5/315.5,ASK,,,
2001,Ford,Econoline,CWTWB1U331,314.5/315.5,ASK,,,
2001,Ford,Escape,CWTWB1U331,314.5/315.5,ASK,,,
2001,Ford,Escort,CWTWB1U331,314.5/315.5,ASK,,,
2001,Ford,Excursion,CWTWB1U331,314.5/315.5,ASK,,,
2001,Ford,Expedition,CWTWB1U331,314.5/315.5,ASK,,,
2001,Ford,Explorer,CWTWB1U331,314.5/315.5,ASK,,,
2001,Ford,Explorer Sport,CWTWB1U331,314.5/315.5,ASK,,,
2001,Ford,F150,CWTWB1U331,314.5/315.5,ASK,,,
2001,Ford,Focus,CWTWB1U331,314.5/315.5,ASK,,,
2001,Ford,Mustang,CWTWB1U331,314.5/315.5,ASK,,,
2001,Ford,Ranger,CWTWB1U331,314.5/315.5,ASK,,,
2001,Ford,Taurus,CWTWB1U331,314.5/315.5,ASK,,,
2001,Ford,Windstar,CWTWB1U331,314.5/315.5,ASK,,,
2002,Ford,Crown Victoria,CWTWB1U331,314.5/315.5,ASK,,,
2002,Ford,Econoline,CWTWB1U331,314.5/315.5,ASK,,,
2002,Ford,Escape,CWTWB1U331,314.5/315.5,ASK,,,
2002,Ford,Escort,CWTWB1U331,314.5/315.5,ASK,,,
2002,Ford,Excursion,CWTWB1U331,314.5/315.5,ASK,,,
2002,Ford,Expedition,CWTWB1U331,314.5/315.5,ASK,,,
2002,Ford,Explorer,CWTWB1U331,314.5/315.5,ASK,,,
2002,Ford,Explorer Sport,CWTWB1U331,314.5/315.5,ASK,,,
2002,Ford,F150,CWTWB1U331,314.5/315.5,ASK,,,
2002,Ford,Focus,CWTWB1U331,314.5/315.5,ASK,,,
2002,Ford,Mustang,CWTWB1U331,314.5/315.5,ASK,,,
2002,Ford,Ranger,CWTWB1U331,314.5/315.5,ASK,,,
2002,Ford,Taurus,CWTWB1U331,314.5/315.5,ASK,,,
2002,Ford,Thunderbird,CWTWB1U331,314.5/315.5,ASK,,,
2002,Ford,Windstar,CWTWB1U331,314.5/315.5,ASK,,,
2003,Ford,Crown Victoria,CWTWB1U331,314.5/315.5,ASK,,,
2003,Ford,Econoline,CWTWB1U331,314.5/315.5,ASK,,,
2003,Ford,Escape,CWTWB1U331,314.5/315.5,ASK,,,
2003,Ford,Escort,CWTWB1U331,314.5/315.5,ASK,,,
2003,Ford,Excursion,CWTWB1U331,314.5/315.5,ASK,,,
2003,Ford,Expedition,CWTWB1U331,314.5/315.5,ASK,,,
2003,Ford,Explorer,CWTWB1U331,314.5/315.5,ASK,,,
2003,Ford,Explorer Sport,CWTWB1U331,314.5/315.5,ASK,,,
2003,Ford,F150,CWTWB1U331,314.5/315.5,ASK,,,
2003,Ford,Focus,CWTWB1U331,314.5/315.5,ASK,,,
2003,Ford,Mustang,CWTWB1U331,314.5/315.5,ASK,,,
2003,Ford,Ranger,CWTWB1U331,314.5/315.5,ASK,,,
2003,Ford,Taurus,CWTWB1U331,314.5/315.5,ASK,,,
2003,Ford,Thunderbird,CWTWB1U331,314.5/315.5,ASK,,,
2003,Ford,Windstar,CWTWB1U331,314.5/315.5,ASK,,,
2004,Ford,Crown Victoria,CWTWB1U331,314.5/315.5,ASK,,,
2004,Ford,Econoline,CWTWB1U331,314.5/315.5,ASK,,,
2004,Ford,Escape,CWTWB1U331,314.5/315.5,ASK,,,
2004,Ford,Excursion,CWTWB1U331,314.5/315.5,ASK,,,
2004,Ford,Expedition,CWTWB1U331,314.5/315.5,ASK,,,
2004,Ford,Explorer,CWTWB1U331,314.5/315.5,ASK,,,
2004,Ford,F150,CWTWB1U331,314.5/315.5,ASK,,,
2004,Ford,Focus,CWTWB1U331,314.5/315.5,ASK,,,
2004,Ford,Freestar,CWTWB1U331,314.5/315.5,ASK,,,
2004,Ford,Mustang,CWTWB1U331,314.5/315.5,ASK,,,
2004,Ford,Ranger,CWTWB1U331,314.5/315.5,ASK,,,
2004,Ford,Taurus,CWTWB1U331,314.5/315.5,ASK,,,
2004,Ford,Thunderbird,CWTWB1U331,314.5/315.5,ASK,,,
2004,Ford,Windstar,CWTWB1U331,314.5/315.5,ASK,,,
2005,Ford,Crown Victoria,CWTWB1U331,314.5/315.5,ASK,,,
2005,Ford,Econoline,CWTWB1U331,314.5/315.5,ASK,,,
2005,Ford,Escape,CWTWB1U331,314.5/315.5,ASK,,,
2005,Ford,Excursion,CWTWB1U331,314.5/315.5,ASK,,,
2005,Ford,Expedition,CWTWB1U331,314.5/315.5,ASK,,,
2005,Ford,Explorer,CWTWB1U331,314.5/315.5,ASK,,,
2005,Ford,F150,CWTWB1U331,314.5/315.5,ASK,,,
2005,Ford,Five Hundred,CWTWB1U331,314.5/315.5,ASK,,,
2005,Ford,Five Hundred,OUCD6000022,315,ASK,,,
2005,Ford,Focus,CWTWB1U331,314.5/315.5,ASK,,,
2005,Ford,Freestar,CWTWB1U331,314.5/315.5,ASK,,,
2005,Ford,Freestyle,CWTWB1U331,314.5/315.5,ASK,,,
2005,Ford,Mustang,CWTWB1U331,314.5/315.5,ASK,,,
2005,Ford,Ranger,CWTWB1U331,314.5/315.5,ASK,,,
2005,Ford,Taurus,CWTWB1U331,314.5/315.5,ASK,,,
2005,Ford,Thunderbird,CWTWB1U331,314.5/315.5,ASK,,,
2006,Ford,Crown Victoria,CWTWB1U331,314.5/315.5,ASK,,,
2006,Ford,Econoline,CWTWB1U331,314.5/315.5,ASK,,,
2006,Ford,Escape,CWTWB1U331,314.5/315.5,ASK,,,
2006,Ford,Excursion,CWTWB1U331,314.5/315.5,ASK,,,
2006,Ford,Expedition,CWTWB1U331,314.5/315.5,ASK,,,
2006,Ford,Explorer,CWTWB1U331,314.5/315.5,ASK,,,
2006,Ford,F150,CWTWB1U331,314.5/315.5,ASK,,,
2006,Ford,Five Hundred,CWTWB1U331,314.5/315.5,ASK,,,
2006,Ford,Five Hundred,OUCD6000022,315,ASK,,,
2006,Ford,Focus,CWTWB1U331,314.5/315.5,ASK,,,
2006,Ford,Freestar,CWTWB1U331,314.5/315.5,ASK,,,
2006,Ford,Freestyle,CWTWB1U331,314.5/315.5,ASK,,,
2006,Ford,Fusion,OUCD6000022,315,ASK,,,
2006,Ford,Mustang,CWTWB1U331,314.5/315.5,ASK,,,
2006,Ford,Ranger,CWTWB1U331,314.5/315.5,ASK,,,
2006,Ford,Taurus,CWTWB1U331,314.5/315.5,ASK,,,
2006,Ford,Thunderbird,CWTWB1U331,314.5/315.5,ASK,,,
2007,Ford,Crown Victoria,CWTWB1U331,314.5/315.5,ASK,,,
2007,Ford,Econoline,CWTWB1U331,314.5/315.5,ASK,,,
2007,Ford,Edge,CWTWB1U793,315,ASK,,,
2007,Ford,Edge,OUCD6000022,315,ASK,,,
2007,Ford,Escape,CWTWB1U331,314.5/315.5,ASK,,,
2007,Ford,Escape,CWTWB1U793,315,ASK,,,
2007,Ford,Escape,OUCD6000022,315,ASK,,,
2007,Ford,Expedition,CWTWB1U331,314.5/315.5,ASK,,,
2007,Ford,Expedition,OUCD6000022,315,ASK,,,
2007,Ford,Explorer,CWTWB1U331,314.5/315.5,ASK,,,
2007,Ford,Explorer,CWTWB1U793,315,ASK,,,
2007,Ford,Explorer,OUCD6000022,315,ASK,,,
2007,Ford,F150,CWTWB1U331,314.5/315.5,ASK,,,
2007,Ford,Five Hundred,CWTWB1U331,314.5/315.5,ASK,,,
2007,Ford,Five Hundred,CWTWB1U793,315,ASK,,,
2007,Ford,Five Hundred,OUCD6000022,315,ASK,,,
2007,Ford,Focus,CWTWB1U331,314.5/315.5,ASK,,,
2007,Ford,Focus,OUCD6000022,315,ASK,,,
2007,Ford,Freestar,CWTWB1U331,314.5/315.5,ASK,,,
2007,Ford,Freestyle,CWTWB1U331,314.5/315.5,ASK,,,
2007,Ford,Freestyle,OUCD6000022,315,ASK,,,
2007,Ford,Fusion,CWTWB1U793,315,ASK,,,
2007,Ford,Fusion,OUCD6000022,315,ASK,,,
2007,Ford,Mustang,CWTWB1U331,314.5/315.5,ASK,,,
2007,Ford,Taurus,CWTWB1U331,314.5/315.5,ASK,,,
2007,Ford,Taurus,OUCD6000022,315,ASK,,,
2008,Ford,Crown Victoria,CWTWB1U331,314.5/315.5,ASK,,,
2008,Ford,Econoline,CWTWB1U331,314.5/315.5,ASK,,,
2008,Ford,Edge,CWTWB1U793,315,ASK,,,
2008,Ford,Edge,OUCD6000022,315,ASK,,,
2008,Ford,Escape,CWTWB1U331,314.5/315.5,ASK,,,
2008,Ford,Escape,CWTWB1U793,315,ASK,,,
2008,Ford,Escape,OUCD6000022,315,ASK,,,
2008,Ford,Expedition,CWTWB1U331,314.5/315.5,ASK,,,
2008,Ford,Expedition,OUCD6000022,315,ASK,,,
2008,Ford,Explorer,CWTWB1U331,314.5/315.5,ASK,,,
2008,Ford,Explorer,CWTWB1U793,315,ASK,,,
2008,Ford,Explorer,OUCD6000022,315,ASK,,,
2008,Ford,F150,CWTWB1U331,314.5/315.5,ASK,,,
2008,Ford,Five Hundred,CWTWB1U793,315,ASK,,,
2008,Ford,Focus,CWTWB1U331,314.5/315.5,ASK,,,
2008,Ford,Focus,OUCD6000022,315,ASK,,,
2008,Ford,Fusion,CWTWB1U793,315,ASK,,,
2008,Ford,Fusion,OUCD6000022,315,ASK,,,
2008,Ford,Mustang,CWTWB1U331,314.5/315.5,ASK,,,
2008,Ford,Taurus,CWTWB1U331,314.5/315.5,ASK,,,
2008,Ford,Taurus,OUCD6000022,315,ASK,,,
2008,Ford,Taurus X,OUCD6000022,315,ASK,,,
2008,Ford,Tribute,OUCD6000022,315,ASK,,,
2009,Ford,Econoline,CWTWB1U331,314.5/315.5,ASK,,,
2009,Ford,Edge,CWTWB1U793,315,ASK,,,
2009,Ford,Edge,OUCD6000022,315,ASK,,,
2009,Ford,Escape,CWTWB1U793,315,ASK,,,
2009,Ford,Escape,OUCD6000022,315,ASK,,,
2009,Ford,Expedition,CWTWB1U331,314.5/315.5,ASK,,,
2009,Ford,Expedition,CWTWB1U793,315,ASK,,,
2009,Ford,Expedition,OUCD6000022,315,ASK,,,
2009,Ford,Explorer,CWTWB1U331,314.5/315.5,ASK,,,
2009,Ford,Explorer,CWTWB1U793,315,ASK,,,
2009,Ford,Explorer,OUCD6000022,315,ASK,,,
2009,Ford,F150,CWTWB1U331,314.5/315.5,ASK,,,
2009,Ford,Five Hundred,CWTWB1U793,315,ASK,,,
2009,Ford,Flex,CWTWB1U793,315,ASK,,,
2009,Ford,Flex,OUCD6000022,315,ASK,,,
2009,Ford,Focus,CWTWB1U331,314.5/315.5,ASK,,,
2009,Ford,Focus,OUCD6000022,315,ASK,,,
2009,Ford,Fusion,CWTWB1U793,315,ASK,,,
2009,Ford,Fusion,OUCD6000022,315,ASK,,,
2009,Ford,Mustang,CWTWB1U331,314.5/315.5,ASK,,,
2009,Ford,Taurus,CWTWB1U331,314.5/315.5,ASK,,,
2009,Ford,Taurus,M3N5WY8406,315,ASK/FSK,,,
2009,Ford,Taurus,OUCD6000022,315,ASK,,,
2009,Ford,Taurus X,OUCD6000022,315,ASK,,,
2009,Ford,Tribute,OUCD6000022,315,ASK,,,
2010,Ford,Econoline,CWTWB1U331,314.5/315.5,ASK,,,
2010,Ford,Edge,CWTWB1U793,315,ASK,,,
2010,Ford,Edge,OUCD6000022,315,ASK,,,
2010,Ford,Escape,CWTWB1U793,315,ASK,,,
2010,Ford,Escape,OUCD6000022,315,ASK,,,
2010,Ford,Expedition,CWTWB1U331,314.5/315.5,ASK,,,
2010,Ford,Expedition,CWTWB1U793,315,ASK,,,
2010,Ford,Expedition,OUCD6000022,315,ASK,,,
2010,Ford,Explorer,CWTWB1U331,314.5/315.5,ASK,,,
2010,Ford,Explorer,CWTWB1U793,315,ASK,,,
2010,Ford,Explorer,OUCD6000022,315,ASK,,,
2010,Ford,F150,CWTWB1U331,314.5/315.5,ASK,,,
2010,Ford,Five Hundred,CWTWB1U793,315,ASK,,,
2010,Ford,Flex,CWTWB1U793,315,ASK,,,
2010,Ford,Flex,OUCD6000022,315,ASK,,,
2010,Ford,Focus,CWTWB1U331,314.5/315.5,ASK,,,
2010,Ford,Focus,OUCD6000022,315,ASK,,,
2010,Ford,Fusion,CWTWB1U793,315,ASK,,,
2010,Ford,Fusion,OUCD6000022,315,ASK,,,
2010,Ford,Mustang,CWTWB1U793,315,ASK,,,
2010,Ford,Mustang,OUCD6000022,315,ASK,,,
2010,Ford,Taurus,CWTWB1U793,315,ASK,,,
2010,Ford,Taurus,M3N5WY8406,315,ASK/FSK,,,
2010,Ford,Taurus,OUCD6000022,315,ASK,,,
2010,Ford,Tribute,OUCD6000022,315,ASK,,,
2011,Ford,Econoline,CWTWB1U331,314.5/315.5,ASK,,,
2011,Ford,Edge,CWTWB1U793,315,ASK,,,
2011,Ford,Escape,CWTWB1U793,315,ASK,,,
2011,Ford,Escape,OUCD6000022,315,ASK,,,
2011,Ford,Expedition,CWTWB1U331,314.5/315.5,ASK,,,
2011,Ford,Expedition,CWTWB1U793,315,ASK,,,
2011,Ford,Expedition,OUCD6000022,315,ASK,,,
2011,Ford,Explorer,CWTWB1U793,315,ASK,,,
2011,Ford,Explorer,M3N5WY8609,315,ASK/FSK,,,
2011,Ford,F150,CWTWB1U793,315,ASK,,,
2011,Ford,F250,CWTWB1U793,315,ASK,,,
2011,Ford,F350,CWTWB1U793,315,ASK,,,
2011,Ford,F450,CWTWB1U793,315,ASK,,,
2011,Ford,F550,CWTWB1U793,315,ASK,,,
2011,Ford,Fiesta,KR55WK47899,315,ASK,,,
2011,Ford,Fiesta,KR55WK48801,433.589/434.251,FSK,,,
2011,Ford,Five Hundred,CWTWB1U793,315,ASK,,,
2011,Ford,Flex,CWTWB1U793,315,ASK,,,
2011,Ford,Flex,OUCD6000022,315,ASK,,,
2011,Ford,Focus,CWTWB1U793,315,ASK,,,
2011,Ford,Focus,OUCD6000022,315,ASK,,,
2011,Ford,Fusion,CWTWB1U793,315,ASK,,,
2011,Ford,Fusion,OUCD6000022,315,ASK,,,
2011,Ford,Mustang,CWTWB1U793,315,ASK,,,
2011,Ford,Mustang,OUCD6000022,315,ASK,,,
2011,Ford,Taurus,CWTWB1U793,315,ASK,,,
2011,Ford,Taurus,M3N5WY8406,315,ASK/FSK,,,
2011,Ford,Taurus,OUCD6000022,315,ASK,,,
2011,Ford,Tribute,OUCD6000022,315,ASK,,,
2012,Ford,Econoline,CWTWB1U331,314.5/315.5,ASK,,,
2012,Ford,Edge,CWTWB1U793,315,ASK,,,
2012,Ford,Edge,M3N5WY8609,315,ASK/FSK,,,
2012,Ford,Escape,CWTWB1U793,315,ASK,,,
2012,Ford,Escape,OUCD6000022,315,ASK,,,
2012,Ford,Expedition,CWTWB1U793,315,ASK,,,
2012,Ford,Expedition,OUCD6000022,315,ASK,,,
2012,Ford,Explorer,CWTWB1U793,315,ASK,,,
2012,Ford,Explorer,M3N5WY8609,315,ASK/FSK,,,
2012,Ford,F150,CWTWB1U793,315,ASK,,,
2012,Ford,F250,CWTWB1U793,315,ASK,,,
2012,Ford,F350,CWTWB1U793,315,ASK,,,
2012,Ford,F450,CWTWB1U793,315,ASK,,,
2012,Ford,F550,CWTWB1U793,315,ASK,,,
2012,Ford,F650,CWTWB1U793,315,ASK,,,
2012,Ford,F750,CWTWB1U793,315,ASK,,,
2012,Ford,Fiesta,KR55WK47899,315,ASK,,,
2012,Ford,Fiesta,KR55WK48801,433.589/434.251,FSK,,,
2012,Ford,Flex,CWTWB1U793,315,ASK,,,
2012,Ford,Flex,OUCD6000022,315,ASK,,,
2012,Ford,Focus,KR55WK48801,433.589/434.251,FSK,,,
2012,Ford,Focus,M3N5WY8609,315,ASK/FSK,,,
2012,Ford,Focus,OUCD6000022,315,ASK,,,
2012,Ford,Fusion,CWTWB1U793,315,ASK,,,
2012,Ford,Fusion,OUCD6000022,315,ASK,,,
2012,Ford,Mustang,CWTWB1U793,315,ASK,,,
2012,Ford,Mustang,OUCD6000022,315,ASK,,,
2012,Ford,Taurus,CWTWB1U793,315,ASK,,,
2012,Ford,Taurus,M3N5WY8406,315,ASK/FSK,,,
2012,Ford,Taurus,OUCD6000022,315,ASK,,,
2013,Ford,C-Max,KR55WK48801,433.589/434.251,FSK,,,
2013,Ford,C-Max,OUCD6000022,315,ASK,,,
2013,Ford,Econoline,CWTWB1U331,314.5/315.5,ASK,,,
2013,Ford,Edge,CWTWB1U793,315,ASK,,,
2013,Ford,Edge,M3N5WY8609,315,ASK/FSK,,,
2013,Ford,Escape,M3N5WY8609,315,ASK/FSK,,,
2013,Ford,Escape,OUCD6000022,315,ASK,,,
2013,Ford,Expedition,CWTWB1U793,315,ASK,,,
2013,Ford,Explorer,CWTWB1U793,315,ASK,,,
2013,Ford,Explorer,M3N5WY8609,315,ASK/FSK,,,
2013,Ford,F150,CWTWB1U793,315,ASK,,,
2013,Ford,F250,CWTWB1U793,315,ASK,,,
2013,Ford,F350,CWTWB1U793,315,ASK,,,
2013,Ford,F450,CWTWB1U793,315,ASK,,,
2013,Ford,F550,CWTWB1U793,315,ASK,,,
2013,Ford,F650,CWTWB1U793,315,ASK,,,
2013,Ford,F750,CWTWB1U793,315,ASK,,,
2013,Ford,Fiesta,KR55WK47899,315,ASK,,,
2013,Ford,Fiesta,KR55WK48801,433.589/434.251,FSK,,,
2013,Ford,Flex,CWTWB1U793,315,ASK,,,
2013,Ford,Flex,M3N5WY8609,315,ASK/FSK,,,
2013,Ford,Focus,KR55WK48801,433.589/434.251,FSK,,,
2013,Ford,Focus,M3N5WY8609,315,ASK/FSK,,,
2013,Ford,Focus,OUCD6000022,315,ASK,,,
2013,Ford,Fusion,M3N-A2C31243300,902.375/903.425,FSK,,,
2013,Ford,Fusion,N5F-A08TAA,314.95,ASK,,,
2013,Ford,Mustang,CWTWB1U793,315,ASK,,,
2013,Ford,Taurus,CWTWB1U793,315,ASK,,,
2013,Ford,Taurus,M3N5WY8609,315,ASK/FSK,,,
2014,Ford,C-Max,KR55WK48801,433.589/434.251,FSK,,,
2014,Ford,C-Max,M3N5WY8609,315,ASK/FSK,,,
2014,Ford,C-Max,OUCD6000022,315,ASK,,,
2014,Ford,Econoline,CWTWB1U331,314.5/315.5,ASK,,,
2014,Ford,Edge,CWTWB1U793,315,ASK,,,
2014,Ford,Edge,M3N5WY8609,315,ASK/FSK,,,
2014,Ford,Escape,M3N5WY8609,315,ASK/FSK,,,
2014,Ford,Escape,OUCD6000022,315,ASK,,,
2014,Ford,Expedition,CWTWB1U793,315,ASK,,,
2014,Ford,Explorer,CWTWB1U793,315,ASK,,,
2014,Ford,Explorer,M3N5WY8609,315,ASK/FSK,,,
2014,Ford,F150,CWTWB1U793,315,ASK,,,
2014,Ford,F250,CWTWB1U793,315,ASK,,,
2014,Ford,F350,CWTWB1U793,315,ASK,,,
2014,Ford,F450,CWTWB1U793,315,ASK,,,
2014,Ford,F550,CWTWB1U793,315,ASK,,,
2014,Ford,F650,CWTWB1U793,315,ASK,,,
2014,Ford,F750,CWTWB1U793,315,ASK,,,
2014,Ford,Fiesta,KR55WK47899,315,ASK,,,
2014,Ford,Fiesta,KR55WK48801,433.589/434.251,FSK,,,
2014,Ford,Flex,CWTWB1U793,315,ASK,,,
2014,Ford,Flex,M3N5WY8609,315,ASK/FSK,,,
2014,Ford,Focus,KR55WK48801,433.589/434.251,FSK,,,
2014,Ford,Focus,M3N5WY8609,315,ASK/FSK,,,
2014,Ford,Focus,OUCD6000022,315,ASK,,,
2014,Ford,Fusion,M3N-A2C31243300,902.375/903.425,FSK,,,
2014,Ford,Fusion,N5F-A08TAA,314.95,ASK,,,
2014,Ford,Mustang,CWTWB1U793,315,ASK,,,
2014,Ford,Taurus,CWTWB1U793,315,ASK,,,
2014,Ford,Taurus,M3N5WY8609,315,ASK/FSK,,,
2014,Ford,Transit Connect,OUCD6000022,315,ASK,,,
2014,Ford,Transit,OUCD6000022,315,ASK,,,
2015,Ford,C-Max,KR55WK48801,433.589/434.251,FSK,,,
2015,Ford,C-Max,M3N5WY8609,315,ASK/FSK,,,
2015,Ford,C-Max,OUCD6000022,315,ASK,,,
2015,Ford,Econoline,CWTWB1U331,314.5/315.5,ASK,,,
2015,Ford,Edge,CWTWB1U793,315,ASK,,,
2015,Ford,Edge,M3N5WY8609,315,ASK/FSK,,,
2015,Ford,Edge,M3N-A2C31243300,902.375/903.425,FSK,,,
2015,Ford,Edge,M3N-A2C31243800,314.95,ASK/FSK,,,
2015,Ford,Escape,M3N5WY8609,315,ASK/FSK,,,
2015,Ford,Escape,OUCD6000022,315,ASK,,,
2015,Ford,Expedition,CWTWB1U793,315,ASK,,,
2015,Ford,Expedition,M3N5WY8609,315,ASK/FSK,,,
2015,Ford,Explorer,CWTWB1U793,315,ASK,,,
2015,Ford,Explorer,M3N5WY8609,315,ASK/FSK,,,
2015,Ford,F150,M3N-A2C31243300,902.375/903.425,FSK,,,
2015,Ford,F150,M3N-A2C31243800,314.95,ASK/FSK,,,
2015,Ford,F150,N5F-A08TAA,314.95,ASK,,,
2015,Ford,F150,N5F-A08TDA,902.375/903.425,FSK,,,
2015,Ford,F250,CWTWB1U793,315,ASK,,,
2015,Ford,F250,N5F-A08TAA,314.95,ASK,,,
2015,Ford,F350,CWTWB1U793,315,ASK,,,
2015,Ford,F350,N5F-A08TAA,314.95,ASK,,,
2015,Ford,F450,CWTWB1U793,315,ASK,,,
2015,Ford,F550,CWTWB1U793,315,ASK,,,
2015,Ford,F650,CWTWB1U793,315,ASK,,,
2015,Ford,F750,CWTWB1U793,315,ASK,,,
2015,Ford,Fiesta,CWTWB1U793,315,ASK,,,
2015,Ford,Fiesta,KR55WK47899,315,ASK,,,
2015,Ford,Fiesta,KR55WK48801,433.589/434.251,FSK,,,
2015,Ford,Flex,CWTWB1U793,315,ASK,,,
2015,Ford,Flex,M3N5WY8609,315,ASK/FSK,,,
2015,Ford,Focus,KR55WK48801,433.589/434.251,FSK,,,
2015,Ford,Focus,M3N5WY8609,315,ASK/FSK,,,
2015,Ford,Focus,OUCD6000022,315,ASK,,,
2015,Ford,Fusion,M3N-A2C31243300,902.375/903.425,FSK,,,
2015,Ford,Fusion,M3N-A2C31243800,314.95,ASK/FSK,,,
2015,Ford,Fusion,N5F-A08TAA,314.95,ASK,,,
2015,Ford,Mustang,M3N-A2C31243300,902.375/903.425,FSK,,,
2015,Ford,Mustang,M3N-A2C31243800,314.95,ASK/FSK,,,
2015,Ford,Taurus,CWTWB1U793,315,ASK,,,
2015,Ford,Taurus,M3N5WY8609,315,ASK/FSK,,,
2015,Ford,Transit Connect,OUCD6000022,315,ASK,,,
2015,Ford,Transit,OUCD6000022,315,ASK,,,
2016,Ford,C-Max,KR55WK48801,433.589/434.251,FSK,,,
2016,Ford,C-Max,M3N5WY8609,315,ASK/FSK,,,
2016,Ford,C-Max,OUCD6000022,315,ASK,,,
2016,Ford,Econoline,CWTWB1U331,314.5/315.5,ASK,,,
2016,Ford,Edge,M3N-A2C31243300,902.375/903.425,FSK,,,
2016,Ford,Edge,M3N-A2C31243800,314.95,ASK/FSK,,,
2016,Ford,Escape,M3N5WY8609,315,ASK/FSK,,,
2016,Ford,Escape,OUCD6000022,315,ASK,,,
2016,Ford,Expedition,CWTWB1U793,315,ASK,,,
2016,Ford,Expedition,M3N5WY8609,315,ASK/FSK,,,
2016,Ford,Explorer,M3N-A2C31243300,902.375/903.425,FSK,,,
2016,Ford,Explorer,M3N-A2C31243800,314.95,ASK/FSK,,,
2016,Ford,Explorer,N5F-A08TAA,314.95,ASK,,,
2016,Ford,F150,M3N-A2C31243300,902.375/903.425,FSK,,,
2016,Ford,F150,M3N-A2C31243800,314.95,ASK/FSK,,,
2016,Ford,F150,N5F-A08TAA,314.95,ASK,,,
2016,Ford,F150,N5F-A08TDA,902.375/903.425,FSK,,,
2016,Ford,F250,CWTWB1U793,315,ASK,,,
2016,Ford,F250,N5F-A08TAA,314.95,ASK,,,
2016,Ford,F350,CWTWB1U793,315,ASK,,,
2016,Ford,F350,N5F-A08TAA,314.95,ASK,,,
2016,Ford,F450,CWTWB1U793,315,ASK,,,
2016,Ford,F550,CWTWB1U793,315,ASK,,,
2016,Ford,F650,CWTWB1U793,315,ASK,,,
2016,Ford,F750,CWTWB1U793,315,ASK,,,
2016,Ford,Fiesta,CWTWB1U793,315,ASK,,,
2016,Ford,Fiesta,KR55WK47899,315,ASK,,,
2016,Ford,Fiesta,KR55WK48801,433.589/434.251,FSK,,,
2016,Ford,Flex,CWTWB1U793,315,ASK,,,
2016,Ford,Flex,M3N5WY8609,315,ASK/FSK,,,
2016,Ford,Focus,KR55WK48801,433.589/434.251,FSK,,,
2016,Ford,Focus,M3N5WY8609,315,ASK/FSK,,,
2016,Ford,Focus,OUCD6000022,315,ASK,,,
2016,Ford,Fusion,M3N-A2C31243300,902.375/903.425,FSK,,,
2016,Ford,Fusion,M3N-A2C31243800,314.95,ASK/FSK,,,
2016,Ford,Fusion,N5F-A08TAA,314.95,ASK,,,
2016,Ford,Mustang,M3N-A2C31243300,902.375/903.425,FSK,,,
2016,Ford,Mustang,M3N-A2C31243800,314.95,ASK/FSK,,,
2016,Ford,Taurus,CWTWB1U793,315,ASK,,,
2016,Ford,Taurus,M3N5WY8609,315,ASK/FSK,,,
2016,Ford,Transit Connect,OUCD6000022,315,ASK,,,
2016,Ford,Transit,OUCD6000022,315,ASK,,,
2017,Ford,C-Max,KR55WK48801,433.589/434.251,FSK,,,
2017,Ford,C-Max,M3N5WY8609,315,ASK/FSK,,,
2017,Ford,C-Max,OUCD6000022,315,ASK,,,
2017,Ford,Edge,M3N-A2C31243300,902.375/903.425,FSK,,,
2017,Ford,Edge,M3N-A2C31243800,314.95,ASK/FSK,,,
2017,Ford,Edge,M3N-A2C93142300,314.95,FSK,,,
2017,Ford,Edge,M3N-A2C93142600,902.375/903.425,FSK,,,
2017,Ford,Edge ST,M3N-A2C931426,902.375/903.425,FSK,,,
2017,Ford,Escape,M3N5WY8609,315,ASK/FSK,,,
2017,Ford,Escape,OUCD6000022,315,ASK,,,
2017,Ford,Expedition,CWTWB1U793,315,ASK,,,
2017,Ford,Expedition,M3N5WY8609,315,ASK/FSK,,,
2017,Ford,Explorer,M3N-A2C31243300,902.375/903.425,FSK,,,
2017,Ford,Explorer,M3N-A2C31243800,314.95,ASK/FSK,,,
2017,Ford,Explorer,N5F-A08TAA,314.95,ASK,,,
2017,Ford,F150,M3N-A2C31243300,902.375/903.425,FSK,,,
2017,Ford,F150,M3N-A2C31243800,314.95,ASK/FSK,,,
2017,Ford,F150,N5F-A08TAA,314.95,ASK,,,
2017,Ford,F150,N5F-A08TDA,902.375/903.425,FSK,,,
2017,Ford,F250,M3N-A2C93142300,314.95,FSK,,,
2017,Ford,F250,M3N-A2C93142600,902.375/903.425,FSK,,,
2017,Ford,F250,N5F-A08TAA,314.95,ASK,,,
2017,Ford,F350,M3N-A2C93142300,314.95,FSK,,,
2017,Ford,F350,M3N-A2C93142600,902.375/903.425,FSK,,,
2017,Ford,F350,N5F-A08TAA,314.95,ASK,,,
2017,Ford,F450,M3N-A2C93142300,314.95,FSK,,,
2017,Ford,F450,M3N-A2C93142600,902.375/903.425,FSK,,,
2017,Ford,F550,M3N-A2C93142300,314.95,FSK,,,
2017,Ford,F550,M3N-A2C93142600,902.375/903.425,FSK,,,
2017,Ford,F650,CWTWB1U793,315,ASK,,,
2017,Ford,F750,CWTWB1U793,315,ASK,,,
2017,Ford,Fiesta,CWTWB1U793,315,ASK,,,
2017,Ford,Fiesta,KR55WK47899,315,ASK,,,
2017,Ford,Fiesta,KR55WK48801,433.589/434.251,FSK,,,
2017,Ford,Flex,CWTWB1U793,315,ASK,,,
2017,Ford,Flex,M3N5WY8609,315,ASK/FSK,,,
2017,Ford,Focus,KR55WK48801,433.589/434.251,FSK,,,
2017,Ford,Focus,M3N5WY8609,315,ASK/FSK,,,
2017,Ford,Focus,OUCD6000022,315,ASK,,,
2017,Ford,Fusion,M3N-A2C93142300,314.95,FSK,,,
2017,Ford,Fusion,M3N-A2C93142600,902.375/903.425,FSK,,,
2017,Ford,Mustang,M3N-A2C31243300,902.375/903.425,FSK,,,
2017,Ford,Mustang,M3N-A2C31243800,314.95,ASK/FSK,,,
2017,Ford,Taurus,CWTWB1U793,315,ASK,,,
2017,Ford,Taurus,M3N5WY8609,315,ASK/FSK,,,
2017,Ford,Transit Connect,OUCD6000022,315,ASK,,,
2017,Ford,Transit,OUCD6000022,315,ASK,,,
2018,Ford,C-Max,KR55WK48801,433.589/434.251,FSK,,,
2018,Ford,C-Max,OUCD6000022,315,ASK,,,
2018,Ford,EcoSport,M3N-A2C93142300,314.95,FSK,,,
2018,Ford,EcoSport,N5F-A08TAA,314.95,ASK,,,
2018,Ford,Edge,M3N-A2C93142300,314.95,FSK,,,
2018,Ford,Edge,M3N-A2C93142600,902.375/903.425,FSK,,,
2018,Ford,Edge ST,M3N-A2C931426,902.375/903.425,FSK,,,
2018,Ford,Escape,M3N5WY8609,315,ASK/FSK,,,
2018,Ford,Escape,OUCD6000022,315,ASK,,,
2018,Ford,Expedition,M3N-A2C931423,314.95,FSK,,,
2018,Ford,Expedition,M3N-A2C931426,902.375/903.425,FSK,,,
2018,Ford,Expedition,M3N-A2C93142600,902.375/903.425,FSK,,,
2018,Ford,Explorer,M3N-A2C931423,314.95,FSK,,,
2018,Ford,Explorer,M3N-A2C93142300,314.95,FSK,,,
2018,Ford,Explorer,M3N-A2C931426,902.375/903.425,FSK,,,
2018,Ford,Explorer,M3N-A2C93142600,902.375/903.425,FSK,,,
2018,Ford,Explorer,N5F-A08TAA,314.95,ASK,,,
2018,Ford,Explorer ST,M3N-A2C931426,902.375/903.425,FSK,,,
2018,Ford,F150,M3N-A2C93142300,314.95,FSK,,,
2018,Ford,F150,M3N-A2C93142600,902.375/903.425,FSK,,,
2018,Ford,F150,N5F-A08TAA,314.95,ASK,,,
2018,Ford,F150,N5F-A08TDA,902.375/903.425,FSK,,,
2018,Ford,F150 Raptor,M3N-A2C93142600,902.375/903.425,FSK,,,
2018,Ford,F250,M3N-A2C93142300,314.95,FSK,,,
2018,Ford,F250,M3N-A2C93142600,902.375/903.425,FSK,,,
2018,Ford,F250,N5F-A08TAA,314.95,ASK,,,
2018,Ford,F250,N5F-A08TDA,902.375/903.425,FSK,,,
2018,Ford,F350,M3N-A2C93142300,314.95,FSK,,,
2018,Ford,F350,M3N-A2C93142600,902.375/903.425,FSK,,,
2018,Ford,F350,N5F-A08TAA,314.95,ASK,,,
2018,Ford,F350,N5F-A08TDA,902.375/903.425,FSK,,,
2018,Ford,F450,M3N-A2C93142300,314.95,FSK,,,
2018,Ford,F450,M3N-A2C93142600,902.375/903.425,FSK,,,
2018,Ford,F450,N5F-A08TAA,314.95,ASK,,,
2018,Ford,F450,N5F-A08TDA,902.375/903.425,FSK,,,
2018,Ford,F550,M3N-A2C93142300,314.95,FSK,,,
2018,Ford,F550,M3N-A2C93142600,902.375/903.425,FSK,,,
2018,Ford,F550,N5F-A08TAA,314.95,ASK,,,
2018,Ford,F550,N5F-A08TDA,902.375/903.425,FSK,,,
2018,Ford,F650,CWTWB1U793,315,ASK,,,
2018,Ford,F750,CWTWB1U793,315,ASK,,,
2018,Ford,Fiesta,CWTWB1U793,315,ASK,,,
2018,Ford,Fiesta,KR55WK48801,433.589/434.251,FSK,,,
2018,Ford,Flex,M3N5WY8609,315,ASK/FSK,,,
2018,Ford,Focus,KR55WK48801,433.589/434.251,FSK,,,
2018,Ford,Focus,M3N5WY8609,315,ASK/FSK,,,
2018,Ford,Focus,OUCD6000022,315,ASK,,,
2018,Ford,Fusion,M3N-A2C93142300,314.95,FSK,,,
2018,Ford,Fusion,M3N-A2C93142600,902.375/903.425,FSK,,,
2018,Ford,Mustang,M3N-A2C931423,314.95,FSK,,,
2018,Ford,Mustang,M3N-A2C93142300,314.95,FSK,,,
2018,Ford,Mustang,M3N-A2C931426,902.375/903.425,FSK,,,
2018,Ford,Mustang,M3N-A2C93142600,902.375/903.425,FSK,,,
2018,Ford,Taurus,CWTWB1U793,315,ASK,,,
2018,Ford,Taurus,M3N5WY8609,315,ASK/FSK,,,
2018,Ford,Transit,OUCD6000022,315,ASK,,,
2019,Ford,C-Max,OUCD6000022,315,ASK,,,
2019,Ford,EcoSport,M3N-A2C93142300,314.95,FSK,,,
2019,Ford,EcoSport,N5F-A08TAA,314.95,ASK,,,
2019,Ford,Edge,M3N-A2C93142300,314.95,FSK,,,
2019,Ford,Edge,M3N-A2C93142600,902.375/903.425,FSK,,,
2019,Ford,Edge ST,M3N-A2C931426,902.375/903.425,FSK,,,
2019,Ford,Escape,M3N5WY8609,315,ASK/FSK,,,
2019,Ford,Escape,OUCD6000022,315,ASK,,,
2019,Ford,Expedition,M3N-A2C931423,314.95,FSK,,,
2019,Ford,Expedition,M3N-A2C931426,902.375/903.425,FSK,,,
2019,Ford,Expedition,M3N-A2C93142600,902.375/903.425,FSK,,,
2019,Ford,Explorer,M3N-A2C931423,314.95,FSK,,,
2019,Ford,Explorer,M3N-A2C93142300,314.95,FSK,,,
2019,Ford,Explorer,M3N-A2C931426,902.375/903.425,FSK,,,
2019,Ford,Explorer,M3N-A2C93142600,902.375/903.425,FSK,,,
2019,Ford,Explorer,N5F-A08TAA,314.95,ASK,,,
2019,Ford,Explorer ST,M3N-A2C931426,902.375/903.425,FSK,,,
2019,Ford,F150,M3N-A2C93142300,314.95,FSK,,,
2019,Ford,F150,M3N-A2C93142600,902.375/903.425,FSK,,,
2019,Ford,F150,N5F-A08TAA,314.95,ASK,,,
2019,Ford,F150,N5F-A08TDA,902.375/903.425,FSK,,,
2019,Ford,F150 Raptor,M3N-A2C93142600,902.375/903.425,FSK,,,
2019,Ford,F250,M3N-A2C93142300,314.95,FSK,,,
2019,Ford,F250,M3N-A2C93142600,902.375/903.425,FSK,,,
2019,Ford,F250,N5F-A08TAA,314.95,ASK,,,
2019,Ford,F250,N5F-A08TDA,902.375/903.425,FSK,,,
2019,Ford,F350,M3N-A2C93142300,314.95,FSK,,,
2019,Ford,F350,M3N-A2C93142600,902.375/903.425,FSK,,,
2019,Ford,F350,N5F-A08TAA,314.95,ASK,,,
2019,Ford,F350,N5F-A08TDA,902.375/903.425,FSK,,,
2019,Ford,F450,M3N-A2C93142300,314.95,FSK,,,
2019,Ford,F450,M3N-A2C93142600,902.375/903.425,FSK,,,
2019,Ford,F450,N5F-A08TAA,314.95,ASK,,,
2019,Ford,F450,N5F-A08TDA,902.375/903.425,FSK,,,
2019,Ford,F550,M3N-A2C93142300,314.95,FSK,,,
2019,Ford,F550,M3N-A2C93142600,902.375/903.425,FSK,,,
2019,Ford,F550,N5F-A08TAA,314.95,ASK,,,
2019,Ford,F550,N5F-A08TDA,902.375/903.425,FSK,,,
2019,Ford,F650,CWTWB1U793,315,ASK,,,
2019,Ford,F750,CWTWB1U793,315,ASK,,,
2019,Ford,Fiesta,CWTWB1U793,315,ASK,,,
2019,Ford,Fiesta,KR55WK48801,433.589/434.251,FSK,,,
2019,Ford,Flex,M3N5WY8609,315,ASK/FSK,,,
2019,Ford,Focus,M3N5WY8609,315,ASK/FSK,,,
2019,Ford,Focus,OUCD6000022,315,ASK,,,
2019,Ford,Fusion,M3N-A2C93142300,314.95,FSK,,,
2019,Ford,Fusion,M3N-A2C93142600,902.375/903.425,FSK,,,
2019,Ford,Mustang,M3N-A2C931423,314.95,FSK,,,
2019,Ford,Mustang,M3N-A2C93142300,314.95,FSK,,,
2019,Ford,Mustang,M3N-A2C931426,902.375/903.425,FSK,,,
2019,Ford,Mustang,M3N-A2C93142600,902.375/903.425,FSK,,,
2019,Ford,Ranger,M3N-A2C93142300,314.95,FSK,,,
2019,Ford,Ranger STX,N5F-A08TAA,314.95,ASK,,,
2019,Ford,Taurus,CWTWB1U793,315,ASK,,,
2019,Ford,Taurus,M3N5WY8609,315,ASK/FSK,,,
2019,Ford,Transit,N5F-A08TAA,314.95,ASK,,,
2019,Ford,Transit,OUCD6000022,315,ASK,,,
2020,Ford,EcoSport,M3N-A2C93142300,314.95,FSK,,,
2020,Ford,EcoSport,N5F-A08TAA,314.95,ASK,,,
2020,Ford,Edge,M3N-A2C93142300,314.95,FSK,,,
2020,Ford,Edge,M3N-A2C93142600,902.375/903.425,FSK,,,
2020,Ford,Edge ST,M3N-A2C931426,902.375/903.425,FSK,,,
2020,Ford,Escape,M3N5WY8609,315,ASK/FSK,,,
2020,Ford,Escape,M3N-A2C931423,314.95,FSK,,,
2020,Ford,Escape,M3N-A2C93142300,314.95,FSK,,,
2020,Ford,Escape,M3N-A2C931426,902.375/903.425,FSK,,,
2020,Ford,Escape,N5F-A08TAA,314.95,ASK,,,
2020,Ford,Expedition,M3N-A2C931423,314.95,FSK,,,
2020,Ford,Expedition,M3N-A2C931426,902.375/903.425,FSK,,,
2020,Ford,Expedition,M3N-A2C93142600,902.375/903.425,FSK,,,
2020,Ford,Explorer,M3N-A2C931423,314.95,FSK,,,
2020,Ford,Explorer,M3N-A2C93142300,314.95,FSK,,,
2020,Ford,Explorer,M3N-A2C931426,902.375/903.425,FSK,,,
2020,Ford,Explorer,M3N-A2C93142600,902.375/903.425,FSK,,,
2020,Ford,Explorer,N5F-A08TAA,314.95,ASK,,,
2020,Ford,Explorer ST,M3N-A2C931426,902.375/903.425,FSK,,,
2020,Ford,F150,M3N-A2C93142300,314.95,FSK,,,
2020,Ford,F150,M3N-A2C93142600,902.375/903.425,FSK,,,
2020,Ford,F150,N5F-A08TAA,314.95,ASK,,,
2020,Ford,F150,N5F-A08TDA,902.375/903.425,FSK,,,
2020,Ford,F150 Raptor,M3N-A2C93142600,902.375/903.425,FSK,,,
2020,Ford,F250,M3N-A2C93142300,314.95,FSK,,,
2020,Ford,F250,M3N-A2C93142600,902.375/903.425,FSK,,,
2020,Ford,F250,N5F-A08TAA,314.95,ASK,,,
2020,Ford,F250,N5F-A08TDA,902.375/903.425,FSK,,,
2020,Ford,F350,M3N-A2C93142300,314.95,FSK,,,
2020,Ford,F350,M3N-A2C93142600,902.375/903.425,FSK,,,
2020,Ford,F350,N5F-A08TAA,314.95,ASK,,,
2020,Ford,F350,N5F-A08TDA,902.375/903.425,FSK,,,
2020,Ford,F450,M3N-A2C93142300,314.95,FSK,,,
2020,Ford,F450,M3N-A2C93142600,902.375/903.425,FSK,,,
2020,Ford,F450,N5F-A08TAA,314.95,ASK,,,
2020,Ford,F450,N5F-A08TDA,902.375/903.425,FSK,,,
2020,Ford,F550,M3N-A2C93142300,314.95,FSK,,,
2020,Ford,F550,M3N-A2C93142600,902.375/903.425,FSK,,,
2020,Ford,F550,N5F-A08TAA,314.95,ASK,,,
2020,Ford,F550,N5F-A08TDA,902.375/903.425,FSK,,,
2020,Ford,F650,CWTWB1U793,315,ASK,,,
2020,Ford,F750,CWTWB1U793,315,ASK,,,
2020,Ford,Fusion,M3N-A2C93142300,314.95,FSK,,,
2020,Ford,Fusion,M3N-A2C93142600,902.375/903.425,FSK,,,
2020,Ford,Maverick,M3N5WY8609,315,ASK/FSK,,,
2020,Ford,Maverick,N5F-A08TAA,314.95,ASK,,,
2020,Ford,Mustang,M3N-A2C931423,314.95,FSK,,,
2020,Ford,Mustang,M3N-A2C93142300,314.95,FSK,,,
2020,Ford,Mustang,M3N-A2C931426,902.375/903.425,FSK,,,
2020,Ford,Mustang,M3N-A2C93142600,902.375/903.425,FSK,,,
2020,Ford,Ranger,M3N-A2C93142300,314.95,FSK,,,
2020,Ford,Ranger,N5F-A08TDA,902.375/903.425,FSK,,,
2020,Ford,Ranger STX,N5F-A08TAA,314.95,ASK,,,
2020,Ford,Transit,N5F-A08TAA,314.95,ASK,,,
2020,Ford,Transit,OUCD6000022,315,ASK,,,
2021,Ford,Bronco,M3N-A2C93142300,314.95,FSK,,,
2021,Ford,Bronco,M3N-A2C931426,902.375/903.425,FSK,,,
2021,Ford,Bronco,M3N-A2C93142600,902.375/903.425,FSK,,,
2021,Ford,Bronco,N5F-A08TAA,314.95,ASK,,,
2021,Ford,Bronco,N5F-A08TDA,902.375/903.425,FSK,,,
2021,Ford,EcoSport,M3N-A2C93142300,314.95,FSK,,,
2021,Ford,EcoSport,N5F-A08TAA,314.95,ASK,,,
2021,Ford,Edge,M3N-A2C93142300,314.95,FSK,,,
2021,Ford,Edge,M3N-A2C93142600,902.375/903.425,FSK,,,
2021,Ford,Edge ST,M3N-A2C931426,902.375/903.425,FSK,,,
2021,Ford,Escape,M3N-A2C931423,314.95,FSK,,,
2021,Ford,Escape,M3N-A2C93142300,314.95,FSK,,,
2021,Ford,Escape,M3N-A2C931426,902.375/903.425,FSK,,,
2021,Ford,Escape,N5F-A08TAA,314.95,ASK,,,
2021,Ford,Expedition,M3N-A2C931423,314.95,FSK,,,
2021,Ford,Expedition,M3N-A2C931426,902.375/903.425,FSK,,,
2021,Ford,Expedition,M3N-A2C93142600,902.375/903.425,FSK,,,
2021,Ford,Explorer,M3N-A2C931423,314.95,FSK,,,
2021,Ford,Explorer,M3N-A2C93142300,314.95,FSK,,,
2021,Ford,Explorer,M3N-A2C931426,902.375/903.425,FSK,,,
2021,Ford,Explorer,M3N-A2C93142600,902.375/903.425,FSK,,,
2021,Ford,Explorer,N5F-A08TAA,314.95,ASK,,,
2021,Ford,Explorer ST,M3N-A2C931426,902.375/903.425,FSK,,,
2021,Ford,F150,M3N-A2C93142300,314.95,FSK,,,
2021,Ford,F150,M3N-A2C93142600,902.375/903.425,FSK,,,
2021,Ford,F150,N5F-A08TAA,314.95,ASK,,,
2021,Ford,F150,N5F-A08TDA,902.375/903.425,FSK,,,
2021,Ford,F250,M3N-A2C93142300,314.95,FSK,,,
2021,Ford,F250,M3N-A2C93142600,902.375/903.425,FSK,,,
2021,Ford,F250,N5F-A08TAA,314.95,ASK,,,
2021,Ford,F250,N5F-A08TDA,902.375/903.425,FSK,,,
2021,Ford,F350,M3N-A2C93142300,314.95,FSK,,,
2021,Ford,F350,M3N-A2C93142600,902.375/903.425,FSK,,,
2021,Ford,F350,N5F-A08TAA,314.95,ASK,,,
2021,Ford,F350,N5F-A08TDA,902.375/903.425,FSK,,,
2021,Ford,F450,M3N-A2C93142300,314.95,FSK,,,
2021,Ford,F450,M3N-A2C93142600,902.375/903.425,FSK,,,
2021,Ford,F450,N5F-A08TAA,314.95,ASK,,,
2021,Ford,F450,N5F-A08TDA,902.375/903.425,FSK,,,
2021,Ford,F550,M3N-A2C93142300,314.95,FSK,,,
2021,Ford,F550,M3N-A2C93142600,902.375/903.425,FSK,,,
2021,Ford,F550,N5F-A08TAA,314.95,ASK,,,
2021,Ford,F550,N5F-A08TDA,902.375/903.425,FSK,,,
2021,Ford,Fusion,M3N-A2C93142300,314.95,FSK,,,
2021,Ford,Fusion,M3N-A2C93142600,902.375/903.425,FSK,,,
2021,Ford,Maverick,M3N-A2C93142300,314.95,FSK,,,
2021,Ford,Maverick,N5F-A08TAA,314.95,ASK,,,
2021,Ford,Mustang,M3N-A2C931423,314.95,FSK,,,
2021,Ford,Mustang,M3N-A2C93142300,314.95,FSK,,,
2021,Ford,Mustang,M3N-A2C931426,902.375/903.425,FSK,,,
2021,Ford,Mustang,M3N-A2C93142600,902.375/903.425,FSK,,,
2021,Ford,Ranger,M3N-A2C93142300,314.95,FSK,,,
2021,Ford,Ranger,N5F-A08TDA,902.375/903.425,FSK,,,
2021,Ford,Ranger STX,N5F-A08TAA,314.95,ASK,,,
2021,Ford,Transit,N5F-A08TAA,314.95,ASK,,,
2022,Ford,Bronco,M3N-A2C931426,902.375/903.425,FSK,,,
2022,Ford,EcoSport,M3N-A2C93142300,314.95,FSK,,,
2022,Ford,EcoSport,N5F-A08TAA,314.95,ASK,,,
2022,Ford,Edge,M3N-A2C93142300,314.95,FSK,,,
2022,Ford,Edge ST,M3N-A2C931426,902.375/903.425,FSK,,,
2022,Ford,Escape,M3N-A2C931423,314.95,FSK,,,
2022,Ford,Escape,M3N-A2C93142300,314.95,FSK,,,
2022,Ford,Escape,M3N-A2C931426,902.375/903.425,FSK,,,
2022,Ford,Escape,N5F-A08TAA,314.95,ASK,,,
2022,Ford,Expedition,M3N-A2C931423,314.95,FSK,,,
2022,Ford,Expedition,M3N-A2C931426,902.375/903.425,FSK,,,
2022,Ford,Expedition,M3N-A2C93142600,902.375/903.425,FSK,,,
2022,Ford,Explorer,M3N-A2C931423,314.95,FSK,,,
2022,Ford,Explorer,M3N-A2C93142300,314.95,FSK,,,
2022,Ford,Explorer,M3N-A2C931426,902.375/903.425,FSK,,,
2022,Ford,Explorer,M3N-A2C93142600,902.375/903.425,FSK,,,
2022,Ford,Explorer,N5F-A08TAA,314.95,ASK,,,
2022,Ford,Explorer ST,M3N-A2C931426,902.375/903.425,FSK,,,
2022,Ford,F150,M3N-A2C93142300,314.95,FSK,,,
2022,Ford,F150,M3N-A2C93142600,902.375/903.425,FSK,,,
2022,Ford,F150,N5F-A08TAA,314.95,ASK,,,
2022,Ford,F150,N5F-A08TDA,902.375/903.425,FSK,,,
2022,Ford,F250,M3N-A2C93142300,314.95,FSK,,,
2022,Ford,F250,M3N-A2C93142600,902.375/903.425,FSK,,,
2022,Ford,F250,N5F-A08TAA,314.95,ASK,,,
2022,Ford,F250,N5F-A08TDA,902.375/903.425,FSK,,,
2022,Ford,F350,M3N-A2C93142300,314.95,FSK,,,
2022,Ford,F350,M3N-A2C93142600,902.375/903.425,FSK,,,
2022,Ford,F350,N5F-A08TAA,314.95,ASK,,,
2022,Ford,F350,N5F-A08TDA,902.375/903.425,FSK,,,
2022,Ford,F450,M3N-A2C93142300,314.95,FSK,,,
2022,Ford,F450,M3N-A2C93142600,902.375/903.425,FSK,,,
2022,Ford,F450,N5F-A08TAA,314.95,ASK,,,
2022,Ford,F450,N5F-A08TDA,902.375/903.425,FSK,,,
2022,Ford,F550,M3N-A2C93142300,314.95,FSK,,,
2022,Ford,F550,M3N-A2C93142600,902.375/903.425,FSK,,,
2022,Ford,F550,N5F-A08TAA,314.95,ASK,,,
2022,Ford,F550,N5F-A08TDA,902.375/903.425,FSK,,,
2022,Ford,Maverick,M3N-A2C931423,314.95,FSK,,,
2022,Ford,Maverick,M3N-A2C931426,902.375/903.425,FSK,,,
2022,Ford,Maverick,N5F-A08TAA,314.95,ASK,,,
2022,Ford,Mustang,M3N-A2C931423,314.95,FSK,,,
2022,Ford,Mustang,M3N-A2C93142300,314.95,FSK,,,
2022,Ford,Mustang,M3N-A2C931426,902.375/903.425,FSK,,,
2022,Ford,Mustang,M3N-A2C93142600,902.375/903.425,FSK,,,
2022,Ford,Ranger,M3N-A2C93142300,314.95,FSK,,,
2022,Ford,Ranger,N5F-A08TDA,902.375/903.425,FSK,,,
2022,Ford,Ranger STX,N5F-A08TAA,314.95,ASK,,,
2022,Ford,Transit,N5F-A08TAA,314.95,ASK,,,